parameter_name,parameter_value,H_crit,quantile_q,H_thres,A0_self_heat,alpha_per_s,beta_per_mm,gamma_contact
alpha,0.12,1.35,0.09137055837563451,0.0011077579160476234,4.0,0.12,0.08,0.5
alpha,0.15,1.35,0.09137055837563451,0.001107434333031209,4.0,0.15,0.08,0.5
alpha,0.18,1.35,0.09137055837563451,0.0011071112728471679,4.0,0.18,0.08,0.5
alpha,0.21,1.35,0.09137055837563451,0.001106788734395622,4.0,0.21,0.08,0.5
alpha,0.24,1.35,0.09137055837563451,0.0011064667165794266,4.0,0.24,0.08,0.5
