parameter_name,parameter_value,H_crit,quantile_q,H_thres,A0_self_heat,alpha_per_s,beta_per_mm,gamma_contact
A_0,2.0,1.35,0.09137055837563451,0.0006819532981675664,2.0,0.18,0.08,0.5
A_0,3.0,1.35,0.09137055837563451,0.0008930929130470644,3.0,0.18,0.08,0.5
A_0,4.0,1.35,0.09137055837563451,0.0011071112728471679,4.0,0.18,0.08,0.5
A_0,5.0,1.35,0.09137055837563451,0.0013151925244142798,5.0,0.18,0.08,0.5
A_0,6.0,1.35,0.09137055837563451,0.0015232737759813917,6.0,0.18,0.08,0.5
