travel_speed_mm_per_s,total_scan_time_s,total_laser_on_time_s,total_intra_layer_travel_time_s,total_inter_layer_time_s,total_inter_part_time_s,total_task_time_s
1200.000000,2.206667,5.910000,1.293333,7.500000,0.250000,17.160000
1500.000000,2.206667,5.910000,1.034667,7.500000,0.200000,16.851333
1800.000000,2.206667,5.910000,0.862222,7.500000,0.166667,16.645556
2100.000000,2.206667,5.910000,0.739048,7.500000,0.142857,16.498571
2400.000000,2.206667,5.910000,0.646667,7.500000,0.125000,16.388333
