parameter_name,parameter_value,H_crit,quantile_q,H_thres,A0_self_heat,alpha_per_s,beta_per_mm,gamma_contact
gamma,0.0,1.35,0.09137055837563451,0.0010524769994156844,4.0,0.18,0.08,0.0
gamma,0.25,1.35,0.09137055837563451,0.0010797941361314262,4.0,0.18,0.08,0.25
gamma,0.5,1.35,0.09137055837563451,0.0011071112728471679,4.0,0.18,0.08,0.5
gamma,0.75,1.35,0.09137055837563451,0.0011344284095629095,4.0,0.18,0.08,0.75
gamma,1.0,1.35,0.09137055837563451,0.0011617455462786513,4.0,0.18,0.08,1.0
