parameter_name,parameter_value,H_crit,quantile_q,H_thres,A0_self_heat,alpha_per_s,beta_per_mm,gamma_contact
beta,0.05,1.35,0.06091370558375635,0.0011306261269210197,4.0,0.18,0.05,0.5
beta,0.065,1.35,0.06091370558375635,0.001104934746185095,4.0,0.18,0.065,0.5
beta,0.08,1.35,0.09137055837563451,0.0011071112728471679,4.0,0.18,0.08,0.5
beta,0.095,1.35,0.09137055837563451,0.0010807814325149816,4.0,0.18,0.095,0.5
beta,0.11,1.35,0.1218274111675127,0.001061195433739132,4.0,0.18,0.11,0.5
