laser_on_delay_s,total_scan_time_s,total_travel_time_s,total_laser_on_time_s,total_inter_layer_time_s,total_inter_part_time_s,total_task_time_s
0.005000,2.206667,0.862222,1.970000,7.500000,0.166667,12.705556
0.010000,2.206667,0.862222,3.940000,7.500000,0.166667,14.675556
0.015000,2.206667,0.862222,5.910000,7.500000,0.166667,16.645556
0.020000,2.206667,0.862222,7.880000,7.500000,0.166667,18.615556
0.030000,2.206667,0.862222,11.820000,7.500000,0.166667,22.555556
